-- ============================================================
-- Seed Data — Mobile Money Transactions Database
-- Generated data (~200 transactions), West Africa context
-- ============================================================

INSERT INTO transaction_types (type_name, description) VALUES
  ('CASH_IN', 'Cash deposit via agent'),
  ('CASH_OUT', 'Cash withdrawal via agent'),
  ('TRANSFER', 'Peer-to-peer transfer'),
  ('PAYMENT', 'Merchant payment'),
  ('DEBIT', 'Automatic debit');

INSERT INTO clients (name, account_number, account_type, region, registered_at) VALUES
  ('Amadou Diallo', 'ACC-10001', 'PERSONAL', 'Dakar', '2022-08-02'),
  ('Fatou Sarr', 'ACC-10002', 'PERSONAL', 'Dakar', '2019-08-17'),
  ('Moussa Konaté', 'ACC-10003', 'PERSONAL', 'Thiès', '2019-02-21'),
  ('Aissatou Bah', 'ACC-10004', 'PERSONAL', 'Ziguinchor', '2020-07-17'),
  ('Ibrahima Ndiaye', 'ACC-10005', 'PERSONAL', 'Saint-Louis', '2020-05-16'),
  ('Mariama Toure', 'ACC-10006', 'PERSONAL', 'Dakar', '2020-04-02'),
  ('Ousmane Coulibaly', 'ACC-10007', 'PERSONAL', 'Kaolack', '2019-10-13'),
  ('Rokhaya Cisse', 'ACC-10008', 'PERSONAL', 'Dakar', '2019-07-29'),
  ('Cheikh Fall', 'ACC-10009', 'PERSONAL', 'Thiès', '2022-10-17'),
  ('Ndeye Diop', 'ACC-10010', 'PERSONAL', 'Dakar', '2022-01-21'),
  ('Abdoulaye Barry', 'ACC-10011', 'PERSONAL', 'Ziguinchor', '2019-06-28'),
  ('Khady Camara', 'ACC-10012', 'PERSONAL', 'Saint-Louis', '2022-04-24'),
  ('Mamadou Traore', 'ACC-10013', 'PERSONAL', 'Dakar', '2021-05-14'),
  ('Astou Mbaye', 'ACC-10014', 'PERSONAL', 'Kaolack', '2019-03-07'),
  ('Seydou Keita', 'ACC-10015', 'PERSONAL', 'Dakar', '2019-03-03'),
  ('Bineta Sow', 'ACC-10016', 'PERSONAL', 'Thiès', '2019-07-11'),
  ('Lamine Diagne', 'ACC-10017', 'PERSONAL', 'Dakar', '2020-03-23'),
  ('Coumba Faye', 'ACC-10018', 'PERSONAL', 'Saint-Louis', '2020-04-21'),
  ('Aliou Balde', 'ACC-10019', 'PERSONAL', 'Ziguinchor', '2021-10-31'),
  ('Yacine Gaye', 'ACC-10020', 'PERSONAL', 'Dakar', '2022-05-17');

INSERT INTO merchants (name, category, region, registered_at) VALUES
  ('Auchan Dakar', 'RETAIL', 'Dakar', '2018-02-24'),
  ('Orange Sénégal', 'TELECOM', 'Dakar', '2021-02-23'),
  ('SDE Eau', 'UTILITY', 'Dakar', '2019-02-12'),
  ('Senelec', 'UTILITY', 'Dakar', '2021-08-23'),
  ('Total Energies', 'FUEL', 'Thiès', '2021-12-07'),
  ('Marché Sandaga', 'RETAIL', 'Dakar', '2021-01-21'),
  ('Expresso Télécom', 'TELECOM', 'Saint-Louis', '2020-05-09'),
  ('Clinique du Plateau', 'HEALTH', 'Dakar', '2019-03-28'),
  ('Air Sénégal', 'TRAVEL', 'Dakar', '2020-07-08'),
  ('Ecobank Sénégal', 'FINANCE', 'Dakar', '2021-04-21');

INSERT INTO transactions (transaction_id, type_id, client_id, merchant_id, amount, old_balance, new_balance, is_fraud, created_at) VALUES
  (1, 4, 9, 1, 189822.44, 80670.0, 0.0, FALSE, '2023-08-04 19:53:50'),
  (2, 2, 5, NULL, 190991.79, 52002.93, 0.0, FALSE, '2023-10-06 19:51:38'),
  (3, 4, 12, 1, 182568.08, 268577.82, 86009.74, FALSE, '2023-10-22 00:23:32'),
  (4, 3, 3, NULL, 207436.46, 309641.36, 517077.82, FALSE, '2024-03-24 10:37:26'),
  (5, 4, 7, 1, 165485.2, 386761.1, 221275.9, FALSE, '2023-06-30 19:32:11'),
  (6, 3, 4, NULL, 113625.87, 417221.1, 530846.97, TRUE, '2023-10-03 22:43:33'),
  (7, 4, 3, 3, 133767.9, 123160.65, 0.0, FALSE, '2023-07-29 16:11:31'),
  (8, 2, 18, NULL, 81408.54, 384388.48, 302979.94, TRUE, '2023-01-25 22:23:30'),
  (9, 4, 19, 6, 53550.32, 250116.4, 196566.08, FALSE, '2024-05-14 07:37:38'),
  (10, 1, 15, NULL, 35337.76, 372749.5, 408087.26, FALSE, '2024-03-30 01:28:21'),
  (11, 4, 14, 7, 90818.11, 498665.56, 407847.45, FALSE, '2024-01-19 07:48:07'),
  (12, 4, 3, 2, 38633.91, 80831.02, 42197.11, FALSE, '2024-04-08 05:52:12'),
  (13, 3, 3, NULL, 149174.16, 234556.89, 383731.05, FALSE, '2024-03-05 16:52:41'),
  (14, 4, 1, 2, 170586.74, 268948.19, 98361.45, FALSE, '2024-05-12 20:23:38'),
  (15, 1, 11, NULL, 108973.93, 227408.13, 336382.06, FALSE, '2023-07-24 13:55:39'),
  (16, 4, 17, 9, 228200.65, 435388.77, 207188.12, FALSE, '2024-05-11 06:52:54'),
  (17, 4, 17, 3, 93791.51, 81612.97, 0.0, FALSE, '2024-02-16 22:30:32'),
  (18, 3, 1, NULL, 122407.12, 56821.99, 179229.11, FALSE, '2023-08-27 20:28:43'),
  (19, 1, 8, NULL, 219563.4, 473527.77, 693091.17, FALSE, '2024-01-13 11:31:07'),
  (20, 5, 3, NULL, 133410.19, 63754.5, 0.0, FALSE, '2024-03-03 01:04:54'),
  (21, 2, 6, NULL, 218172.04, 212145.83, 0.0, FALSE, '2024-02-23 21:12:27'),
  (22, 4, 7, 7, 248789.76, 325289.15, 76499.39, FALSE, '2024-02-07 00:18:46'),
  (23, 1, 15, NULL, 56561.99, 169704.7, 226266.69, FALSE, '2023-06-28 17:38:58'),
  (24, 2, 19, NULL, 18212.77, 315920.38, 297707.61, FALSE, '2023-01-25 09:34:47'),
  (25, 1, 11, NULL, 59882.16, 334819.91, 394702.07, FALSE, '2023-04-13 18:28:17'),
  (26, 3, 19, NULL, 61127.81, 237013.5, 298141.31, FALSE, '2023-03-15 06:21:37'),
  (27, 4, 4, 6, 106182.87, 234045.31, 127862.44, FALSE, '2024-06-07 00:25:29'),
  (28, 1, 4, NULL, 182189.29, 400495.66, 582684.95, FALSE, '2023-05-29 19:29:52'),
  (29, 3, 7, NULL, 35475.48, 92560.53, 128036.01, FALSE, '2023-02-28 13:16:34'),
  (30, 4, 15, 9, 24928.23, 326420.3, 301492.07, FALSE, '2023-01-12 11:06:22'),
  (31, 5, 3, NULL, 212249.59, 83989.24, 0.0, FALSE, '2023-06-16 00:32:18'),
  (32, 5, 13, NULL, 41576.96, 2075.53, 0.0, FALSE, '2023-12-20 09:58:14'),
  (33, 3, 10, NULL, 239350.75, 497715.92, 737066.67, FALSE, '2024-01-14 00:12:45'),
  (34, 2, 5, NULL, 54816.37, 30183.16, 0.0, FALSE, '2023-02-17 08:19:53'),
  (35, 1, 11, NULL, 146252.31, 251922.34, 398174.65, FALSE, '2023-05-03 06:45:31'),
  (36, 5, 2, NULL, 20487.81, 93726.66, 73238.85, FALSE, '2024-06-08 10:52:27'),
  (37, 3, 8, NULL, 235428.23, 285268.03, 520696.26, FALSE, '2023-01-31 20:50:17'),
  (38, 1, 20, NULL, 164514.6, 283048.23, 447562.83, FALSE, '2023-07-22 13:01:29'),
  (39, 4, 7, 6, 60052.15, 198497.14, 138444.99, FALSE, '2023-08-22 00:21:03'),
  (40, 2, 15, NULL, 188090.19, 37199.01, 0.0, FALSE, '2024-03-13 06:57:43'),
  (41, 1, 4, NULL, 53682.0, 133335.01, 187017.01, FALSE, '2023-02-23 10:21:46'),
  (42, 3, 8, NULL, 39857.83, 417038.73, 456896.56, FALSE, '2024-04-20 02:29:59'),
  (43, 1, 17, NULL, 204367.48, 150390.0, 354757.48, FALSE, '2023-04-15 07:22:04'),
  (44, 1, 9, NULL, 27205.48, 277058.6, 304264.08, FALSE, '2024-04-14 18:50:42'),
  (45, 4, 7, 4, 172030.53, 426603.49, 254572.96, FALSE, '2023-07-15 01:14:21'),
  (46, 1, 2, NULL, 106182.16, 139063.43, 245245.59, TRUE, '2023-04-12 14:39:18'),
  (47, 3, 15, NULL, 107207.89, 5825.18, 113033.07, TRUE, '2024-06-20 17:32:21'),
  (48, 3, 19, NULL, 107731.78, 21872.6, 129604.38, FALSE, '2023-01-31 23:41:39'),
  (49, 2, 12, NULL, 62757.67, 52294.02, 0.0, FALSE, '2023-11-12 15:25:24'),
  (50, 4, 20, 4, 216219.12, 488126.81, 271907.69, FALSE, '2023-11-17 05:43:29'),
  (51, 2, 1, NULL, 231159.58, 391410.86, 160251.28, FALSE, '2024-06-04 07:58:26'),
  (52, 2, 8, NULL, 196949.94, 54939.72, 0.0, FALSE, '2024-01-01 14:17:52'),
  (53, 2, 8, NULL, 229653.75, 175479.55, 0.0, FALSE, '2023-06-26 18:41:14'),
  (54, 1, 8, NULL, 48685.88, 164802.71, 213488.59, FALSE, '2023-08-05 19:16:01'),
  (55, 4, 12, 7, 170039.77, 421986.92, 251947.15, FALSE, '2023-01-22 10:30:40'),
  (56, 4, 4, 5, 45052.67, 481304.62, 436251.95, FALSE, '2023-03-26 04:46:11'),
  (57, 3, 20, NULL, 182271.99, 157524.98, 339796.97, FALSE, '2024-02-02 05:37:00'),
  (58, 3, 4, NULL, 144358.72, 128106.53, 272465.25, FALSE, '2023-01-02 07:31:39'),
  (59, 5, 17, NULL, 134843.77, 359995.57, 225151.8, FALSE, '2024-06-04 21:25:17'),
  (60, 3, 7, NULL, 17958.47, 332454.6, 350413.07, FALSE, '2023-09-01 19:48:42'),
  (61, 4, 4, 5, 127027.06, 333779.56, 206752.5, FALSE, '2024-06-25 12:54:24'),
  (62, 3, 10, NULL, 48364.1, 332799.79, 381163.89, FALSE, '2023-05-16 04:06:17'),
  (63, 3, 20, NULL, 101815.75, 417028.86, 518844.61, FALSE, '2023-06-13 06:05:21'),
  (64, 4, 14, 10, 163849.05, 233029.11, 69180.06, FALSE, '2023-06-15 23:40:58'),
  (65, 3, 17, NULL, 225344.62, 398216.36, 623560.98, TRUE, '2023-03-07 20:42:12'),
  (66, 1, 11, NULL, 238023.92, 118199.43, 356223.35, FALSE, '2023-06-04 16:03:03'),
  (67, 1, 5, NULL, 61588.21, 238093.04, 299681.25, FALSE, '2023-02-26 13:36:59'),
  (68, 3, 15, NULL, 157626.46, 98023.18, 255649.64, FALSE, '2024-01-19 23:51:30'),
  (69, 2, 13, NULL, 164186.47, 3766.86, 0.0, FALSE, '2023-03-24 18:55:52'),
  (70, 2, 14, NULL, 201125.41, 348259.98, 147134.57, FALSE, '2024-03-08 22:47:49'),
  (71, 5, 8, NULL, 30778.97, 67536.21, 36757.24, FALSE, '2024-02-17 13:00:57'),
  (72, 3, 18, NULL, 237534.88, 445821.54, 683356.42, FALSE, '2024-01-28 01:44:49'),
  (73, 4, 14, 9, 111755.45, 80419.8, 0.0, FALSE, '2023-12-16 13:54:30'),
  (74, 4, 9, 5, 191570.51, 261128.61, 69558.1, FALSE, '2023-08-02 06:52:02'),
  (75, 1, 15, NULL, 71789.17, 136585.84, 208375.01, FALSE, '2024-02-24 13:10:02'),
  (76, 1, 3, NULL, 58199.74, 347280.96, 405480.7, FALSE, '2023-02-19 21:18:45'),
  (77, 3, 14, NULL, 135881.48, 208471.34, 344352.82, FALSE, '2023-11-23 08:02:34'),
  (78, 5, 13, NULL, 146227.81, 348065.97, 201838.16, FALSE, '2024-03-23 03:38:45'),
  (79, 3, 13, NULL, 235714.04, 150007.71, 385721.75, FALSE, '2023-11-22 11:07:22'),
  (80, 4, 18, 9, 200067.11, 449007.86, 248940.75, FALSE, '2023-07-31 23:52:58'),
  (81, 3, 14, NULL, 97519.87, 334767.94, 432287.81, FALSE, '2023-05-09 04:39:24'),
  (82, 5, 15, NULL, 245190.13, 267527.69, 22337.56, FALSE, '2024-04-04 17:40:51'),
  (83, 4, 19, 2, 160866.04, 68714.04, 0.0, FALSE, '2023-02-09 01:22:24'),
  (84, 3, 9, NULL, 53309.24, 164096.06, 217405.3, FALSE, '2023-10-22 11:25:29'),
  (85, 4, 9, 7, 63441.75, 41871.21, 0.0, TRUE, '2024-02-23 23:29:59'),
  (86, 4, 3, 1, 188681.18, 474856.25, 286175.07, FALSE, '2023-01-16 19:54:39'),
  (87, 2, 20, NULL, 31992.13, 335059.96, 303067.83, FALSE, '2023-06-19 07:09:12'),
  (88, 4, 15, 6, 42363.39, 304016.5, 261653.11, FALSE, '2023-03-30 23:02:50'),
  (89, 5, 6, NULL, 27470.64, 13813.53, 0.0, FALSE, '2024-06-10 02:40:06'),
  (90, 3, 13, NULL, 178896.17, 38922.24, 217818.41, FALSE, '2024-05-02 04:38:44'),
  (91, 1, 8, NULL, 193233.98, 425296.33, 618530.31, FALSE, '2023-04-05 00:37:47'),
  (92, 4, 19, 6, 133419.94, 331099.15, 197679.21, FALSE, '2024-05-17 23:04:52'),
  (93, 1, 11, NULL, 105304.66, 245610.65, 350915.31, FALSE, '2023-10-09 07:40:27'),
  (94, 4, 15, 7, 44446.17, 261351.63, 216905.46, FALSE, '2024-04-23 09:26:18'),
  (95, 4, 18, 8, 109175.84, 365782.08, 256606.24, FALSE, '2023-07-10 16:21:41'),
  (96, 2, 3, NULL, 112975.1, 375487.66, 262512.56, FALSE, '2024-06-02 23:56:09'),
  (97, 2, 13, NULL, 123829.47, 163182.07, 39352.6, FALSE, '2023-10-03 14:25:00'),
  (98, 2, 9, NULL, 220139.83, 350890.69, 130750.86, FALSE, '2023-01-08 21:13:49'),
  (99, 5, 17, NULL, 21860.43, 360317.26, 338456.83, FALSE, '2023-07-06 15:57:46'),
  (100, 4, 16, 8, 112319.55, 9604.39, 0.0, FALSE, '2023-11-11 02:35:00'),
  (101, 2, 8, NULL, 145598.12, 237156.98, 91558.86, FALSE, '2023-11-27 11:57:57'),
  (102, 2, 18, NULL, 175862.31, 136187.3, 0.0, FALSE, '2023-04-04 17:11:19'),
  (103, 2, 7, NULL, 185848.83, 475487.9, 289639.07, FALSE, '2023-05-29 18:34:57'),
  (104, 4, 7, 5, 181283.96, 488326.9, 307042.94, FALSE, '2023-08-08 19:28:41'),
  (105, 4, 4, 5, 57257.05, 90541.33, 33284.28, TRUE, '2024-02-19 20:59:59'),
  (106, 2, 18, NULL, 236050.36, 319296.96, 83246.6, FALSE, '2023-03-21 16:22:20'),
  (107, 3, 1, NULL, 117614.54, 220793.93, 338408.47, TRUE, '2023-02-09 21:43:53'),
  (108, 3, 3, NULL, 18983.5, 315093.41, 334076.91, TRUE, '2023-04-26 21:14:40'),
  (109, 1, 8, NULL, 191228.64, 303552.51, 494781.15, FALSE, '2023-06-25 07:06:47'),
  (110, 3, 17, NULL, 227171.84, 149379.21, 376551.05, FALSE, '2023-11-30 01:58:03'),
  (111, 3, 10, NULL, 15527.46, 480094.28, 495621.74, TRUE, '2023-06-11 09:26:50'),
  (112, 2, 6, NULL, 138222.07, 79109.78, 0.0, FALSE, '2024-06-19 10:48:33'),
  (113, 3, 20, NULL, 8643.64, 144764.34, 153407.98, FALSE, '2023-12-19 15:45:26'),
  (114, 4, 3, 5, 197063.09, 312903.95, 115840.86, FALSE, '2023-06-03 15:37:02'),
  (115, 1, 14, NULL, 56589.96, 75345.71, 131935.67, FALSE, '2023-04-21 11:28:35'),
  (116, 1, 3, NULL, 198260.83, 297926.97, 496187.8, FALSE, '2023-08-13 04:05:28'),
  (117, 1, 15, NULL, 172325.16, 350167.11, 522492.27, FALSE, '2024-01-24 17:28:39'),
  (118, 3, 18, NULL, 20570.24, 20890.53, 41460.77, FALSE, '2023-09-08 08:30:35'),
  (119, 2, 20, NULL, 23286.06, 480993.64, 457707.58, FALSE, '2024-03-22 18:29:18'),
  (120, 5, 19, NULL, 249893.32, 336468.51, 86575.19, FALSE, '2023-02-01 05:58:21'),
  (121, 3, 6, NULL, 163051.62, 458120.32, 621171.94, TRUE, '2024-03-30 15:20:06'),
  (122, 3, 3, NULL, 102382.85, 161208.07, 263590.92, TRUE, '2023-05-05 21:59:33'),
  (123, 4, 13, 9, 9655.93, 44941.84, 35285.91, FALSE, '2023-04-01 00:56:06'),
  (124, 4, 13, 1, 164586.27, 271754.2, 107167.93, FALSE, '2023-05-26 16:47:31'),
  (125, 3, 17, NULL, 189232.57, 313078.96, 502311.53, FALSE, '2023-06-08 02:36:02'),
  (126, 3, 9, NULL, 231954.35, 219619.93, 451574.28, FALSE, '2023-04-05 07:32:46'),
  (127, 5, 1, NULL, 152413.48, 120409.43, 0.0, FALSE, '2024-03-03 20:23:00'),
  (128, 3, 1, NULL, 23755.7, 496136.31, 519892.01, FALSE, '2023-12-25 10:00:43'),
  (129, 4, 4, 3, 124844.69, 358585.06, 233740.37, FALSE, '2023-08-01 09:00:34'),
  (130, 4, 14, 8, 61310.86, 276081.27, 214770.41, FALSE, '2024-04-10 13:12:29'),
  (131, 4, 17, 3, 216074.72, 138847.45, 0.0, FALSE, '2023-11-19 07:05:14'),
  (132, 5, 11, NULL, 127180.55, 410454.19, 283273.64, FALSE, '2023-08-20 21:29:03'),
  (133, 3, 19, NULL, 165155.22, 432765.04, 597920.26, FALSE, '2024-01-12 04:46:40'),
  (134, 2, 12, NULL, 190836.73, 189227.82, 0.0, FALSE, '2023-05-27 12:44:06'),
  (135, 3, 8, NULL, 58773.83, 387996.69, 446770.52, TRUE, '2024-01-03 08:54:58'),
  (136, 3, 5, NULL, 9736.39, 251643.28, 261379.67, FALSE, '2023-03-19 22:55:54'),
  (137, 1, 15, NULL, 227655.2, 8658.45, 236313.65, FALSE, '2024-05-23 14:00:30'),
  (138, 1, 5, NULL, 195490.56, 133246.37, 328736.93, FALSE, '2023-11-05 17:37:34'),
  (139, 4, 3, 9, 95312.34, 159013.92, 63701.58, FALSE, '2024-01-15 00:00:01'),
  (140, 1, 18, NULL, 17570.98, 315949.35, 333520.33, FALSE, '2023-06-26 16:39:05'),
  (141, 3, 3, NULL, 25061.56, 317240.17, 342301.73, FALSE, '2023-12-11 14:46:03'),
  (142, 4, 6, 1, 11974.75, 398275.59, 386300.84, FALSE, '2023-10-19 03:32:39'),
  (143, 1, 14, NULL, 133026.0, 283398.1, 416424.1, FALSE, '2023-05-13 00:43:29'),
  (144, 1, 6, NULL, 217774.48, 310235.47, 528009.95, FALSE, '2024-03-28 22:50:12'),
  (145, 2, 5, NULL, 159657.21, 230325.68, 70668.47, FALSE, '2023-12-28 08:56:57'),
  (146, 4, 10, 3, 18928.54, 472672.58, 453744.04, FALSE, '2023-08-21 08:38:21'),
  (147, 4, 14, 8, 211403.33, 100409.28, 0.0, FALSE, '2024-01-11 07:39:04'),
  (148, 2, 4, NULL, 143194.71, 287831.15, 144636.44, FALSE, '2023-08-18 07:30:00'),
  (149, 5, 1, NULL, 164728.34, 137965.71, 0.0, FALSE, '2024-06-16 16:13:44'),
  (150, 5, 2, NULL, 186420.45, 416586.61, 230166.16, FALSE, '2023-06-28 17:43:03'),
  (151, 4, 20, 4, 159336.16, 310824.69, 151488.53, FALSE, '2024-05-27 00:02:04'),
  (152, 4, 5, 1, 77578.75, 220970.77, 143392.02, FALSE, '2023-04-13 01:41:37'),
  (153, 5, 3, NULL, 82016.42, 208336.04, 126319.62, FALSE, '2024-02-23 23:17:21'),
  (154, 3, 12, NULL, 228415.0, 415405.84, 643820.84, FALSE, '2024-01-10 06:17:40'),
  (155, 4, 10, 6, 201156.02, 234697.36, 33541.34, FALSE, '2023-06-25 05:45:45'),
  (156, 5, 13, NULL, 201244.62, 183521.75, 0.0, FALSE, '2023-01-11 19:27:45'),
  (157, 3, 9, NULL, 113969.11, 336741.36, 450710.47, FALSE, '2024-03-30 00:59:23'),
  (158, 4, 13, 6, 27532.35, 117677.13, 90144.78, FALSE, '2024-03-12 01:23:31'),
  (159, 5, 11, NULL, 55731.12, 32545.3, 0.0, FALSE, '2024-06-28 13:01:32'),
  (160, 4, 10, 2, 35374.36, 473184.5, 437810.14, FALSE, '2024-01-18 15:11:18'),
  (161, 1, 4, NULL, 221871.2, 68696.36, 290567.56, FALSE, '2024-06-04 18:46:08'),
  (162, 3, 18, NULL, 185696.12, 78106.93, 263803.05, FALSE, '2023-03-18 21:53:49'),
  (163, 4, 16, 5, 8662.71, 185894.45, 177231.74, FALSE, '2023-07-03 09:27:30'),
  (164, 1, 12, NULL, 171577.23, 272688.46, 444265.69, FALSE, '2023-10-06 14:09:54'),
  (165, 3, 2, NULL, 47857.24, 61957.7, 109814.94, FALSE, '2023-12-20 04:32:46'),
  (166, 4, 3, 10, 242787.78, 26238.68, 0.0, FALSE, '2023-04-08 19:23:28'),
  (167, 2, 19, NULL, 207539.55, 277549.69, 70010.14, FALSE, '2023-06-30 23:24:36'),
  (168, 4, 11, 10, 1207.47, 429344.66, 428137.19, FALSE, '2023-04-11 23:13:44'),
  (169, 2, 18, NULL, 44037.03, 330867.76, 286830.73, TRUE, '2023-01-12 13:00:59'),
  (170, 1, 11, NULL, 66709.19, 64252.51, 130961.7, FALSE, '2023-03-30 06:34:35'),
  (171, 3, 3, NULL, 194615.25, 257105.74, 451720.99, TRUE, '2024-01-27 08:14:02'),
  (172, 2, 17, NULL, 161013.5, 16544.17, 0.0, FALSE, '2023-11-08 22:41:17'),
  (173, 4, 14, 8, 178244.13, 222337.6, 44093.47, FALSE, '2023-09-08 04:35:58'),
  (174, 1, 20, NULL, 31984.8, 312534.43, 344519.23, FALSE, '2023-09-10 13:53:45'),
  (175, 5, 13, NULL, 132873.93, 227403.99, 94530.06, FALSE, '2023-03-19 00:49:13'),
  (176, 4, 4, 9, 180349.56, 108296.51, 0.0, FALSE, '2023-06-27 11:25:44'),
  (177, 2, 14, NULL, 113647.98, 208578.84, 94930.86, TRUE, '2023-11-28 11:27:27'),
  (178, 4, 5, 8, 17249.76, 416054.17, 398804.41, FALSE, '2023-03-17 00:05:29'),
  (179, 4, 12, 9, 15465.25, 478355.69, 462890.44, FALSE, '2024-06-04 09:57:09'),
  (180, 3, 4, NULL, 218465.04, 470623.8, 689088.84, FALSE, '2023-02-09 23:01:27'),
  (181, 4, 10, 6, 26348.34, 254198.86, 227850.52, FALSE, '2024-01-10 12:39:42'),
  (182, 4, 8, 6, 211420.67, 184412.96, 0.0, FALSE, '2024-03-21 21:59:59'),
  (183, 4, 8, 9, 243649.38, 409395.0, 165745.62, FALSE, '2024-05-14 04:46:50'),
  (184, 1, 18, NULL, 232306.53, 414900.93, 647207.46, FALSE, '2023-05-21 03:11:57'),
  (185, 4, 9, 5, 230423.61, 176160.69, 0.0, FALSE, '2023-04-22 06:24:04'),
  (186, 4, 19, 2, 35897.73, 316952.83, 281055.1, FALSE, '2024-02-17 00:54:50'),
  (187, 3, 7, NULL, 113684.62, 79547.23, 193231.85, FALSE, '2023-09-09 22:56:07'),
  (188, 3, 19, NULL, 220893.88, 78634.37, 299528.25, FALSE, '2023-02-08 15:38:24'),
  (189, 2, 3, NULL, 165653.7, 243345.19, 77691.49, FALSE, '2023-08-01 04:11:56'),
  (190, 4, 7, 2, 86620.63, 56334.0, 0.0, FALSE, '2024-04-05 16:49:25'),
  (191, 3, 16, NULL, 77450.64, 111038.7, 188489.34, FALSE, '2023-02-12 13:12:35'),
  (192, 2, 1, NULL, 236358.36, 383907.41, 147549.05, FALSE, '2023-08-13 19:41:08'),
  (193, 1, 11, NULL, 124597.64, 215896.85, 340494.49, FALSE, '2024-02-18 16:03:16'),
  (194, 3, 8, NULL, 208421.87, 403293.89, 611715.76, TRUE, '2023-02-02 20:34:16'),
  (195, 3, 11, NULL, 143563.22, 355039.98, 498603.2, FALSE, '2023-03-31 10:59:14'),
  (196, 1, 13, NULL, 81529.66, 400859.76, 482389.42, FALSE, '2024-06-19 15:15:46'),
  (197, 1, 12, NULL, 211198.85, 122414.92, 333613.77, FALSE, '2024-02-11 23:22:11'),
  (198, 3, 3, NULL, 77913.5, 170417.13, 248330.63, FALSE, '2023-05-11 14:13:15'),
  (199, 3, 3, NULL, 28949.65, 255466.08, 284415.73, FALSE, '2023-09-29 08:49:37'),
  (200, 4, 12, 3, 59449.08, 74075.66, 14626.58, FALSE, '2024-04-12 21:31:51');

INSERT INTO fraud_alerts (transaction_id, alert_type, severity, reviewed, flagged_at) VALUES
  (6, 'HIGH_AMOUNT', 'MEDIUM', FALSE, '2023-10-03 22:43:33'),
  (8, 'RAPID_SUCCESSION', 'MEDIUM', TRUE, '2023-01-25 22:23:30'),
  (46, 'BALANCE_DRAIN', 'HIGH', TRUE, '2023-04-12 14:39:18'),
  (47, 'HIGH_AMOUNT', 'MEDIUM', FALSE, '2024-06-20 17:32:21'),
  (65, 'RAPID_SUCCESSION', 'MEDIUM', FALSE, '2023-03-07 20:42:12'),
  (85, 'HIGH_AMOUNT', 'HIGH', TRUE, '2024-02-23 23:29:59'),
  (105, 'HIGH_AMOUNT', 'LOW', FALSE, '2024-02-19 20:59:59'),
  (107, 'RAPID_SUCCESSION', 'HIGH', FALSE, '2023-02-09 21:43:53'),
  (108, 'BALANCE_DRAIN', 'HIGH', TRUE, '2023-04-26 21:14:40'),
  (111, 'BALANCE_DRAIN', 'LOW', FALSE, '2023-06-11 09:26:50'),
  (121, 'RAPID_SUCCESSION', 'MEDIUM', FALSE, '2024-03-30 15:20:06'),
  (122, 'RAPID_SUCCESSION', 'MEDIUM', FALSE, '2023-05-05 21:59:33'),
  (135, 'BALANCE_DRAIN', 'HIGH', TRUE, '2024-01-03 08:54:58'),
  (169, 'RAPID_SUCCESSION', 'HIGH', TRUE, '2023-01-12 13:00:59'),
  (171, 'HIGH_AMOUNT', 'HIGH', TRUE, '2024-01-27 08:14:02'),
  (177, 'RAPID_SUCCESSION', 'MEDIUM', TRUE, '2023-11-28 11:27:27'),
  (194, 'RAPID_SUCCESSION', 'LOW', FALSE, '2023-02-02 20:34:16');

-- Reset sequences to avoid PK conflicts on future inserts
SELECT setval('clients_client_id_seq',      (SELECT MAX(client_id)      FROM clients));
SELECT setval('merchants_merchant_id_seq',  (SELECT MAX(merchant_id)    FROM merchants));
SELECT setval('transactions_transaction_id_seq', (SELECT MAX(transaction_id) FROM transactions));
SELECT setval('fraud_alerts_alert_id_seq',  (SELECT MAX(alert_id)       FROM fraud_alerts));